{"cameraMode":{"drawMode":0,"name":"Shaded","section":"Shading Mode"},"sceneLighting":false,"audioPlay":false,"sceneViewState":{"showFog":true,"showMaterialUpdate":true,"showSkybox":false,"showFlares":true,"showImageEffects":true,"showParticleSystems":true},"in2DMode":false,"pivot":{"x":-6.934183597564697,"y":-0.8577717542648315,"z":-0.3671901226043701},"rotation":{"x":0.05617756024003029,"y":-0.7198355793952942,"z":0.058658652007579806,"w":0.6893826723098755},"size":6.37337589263916,"orthographic":false}