{"cameraMode":{"drawMode":0,"name":"Shaded","section":"Shading Mode"},"sceneLighting":false,"audioPlay":false,"sceneViewState":{"showFog":true,"showMaterialUpdate":true,"showSkybox":false,"showFlares":true,"showImageEffects":true,"showParticleSystems":true},"in2DMode":false,"pivot":{"x":-2.900012731552124,"y":-0.45097118616104128,"z":8.82590389251709},"rotation":{"x":0.08573092520236969,"y":0.8832083940505981,"z":-0.17802222073078156,"w":0.4253276288509369},"size":1.7035735845565797,"orthographic":false}