{"cameraMode":{"drawMode":0,"name":"Shaded","section":"Shading Mode"},"sceneLighting":false,"audioPlay":false,"sceneViewState":{"showFog":true,"showMaterialUpdate":true,"showSkybox":false,"showFlares":true,"showImageEffects":true,"showParticleSystems":true},"in2DMode":false,"pivot":{"x":1.2270128726959229,"y":-0.381273090839386,"z":0.2686682939529419},"rotation":{"x":0.08897458016872406,"y":0.6138784289360046,"z":-0.06991206854581833,"w":0.7812501192092896},"size":2.501948833465576,"orthographic":false}