{"cameraMode":{"drawMode":0,"name":"Shaded","section":"Shading Mode"},"sceneLighting":false,"audioPlay":false,"sceneViewState":{"showFog":true,"showMaterialUpdate":true,"showSkybox":false,"showFlares":true,"showImageEffects":true,"showParticleSystems":true},"in2DMode":false,"pivot":{"x":0.10173110663890839,"y":0.2072746455669403,"z":0.4158664345741272},"rotation":{"x":0.12352155894041062,"y":0.6936008334159851,"z":-0.12256143987178803,"w":0.6990293860435486},"size":1.6615021228790284,"orthographic":false}