{"cameraMode":{"drawMode":0,"name":"Shaded","section":"Shading Mode"},"sceneLighting":false,"audioPlay":false,"sceneViewState":{"showFog":true,"showMaterialUpdate":true,"showSkybox":false,"showFlares":true,"showImageEffects":true,"showParticleSystems":true},"in2DMode":false,"pivot":{"x":-0.19380801916122437,"y":-0.8453463315963745,"z":1.3874454498291016},"rotation":{"x":0.013823363929986954,"y":0.9841572046279907,"z":-0.15266714990139008,"w":0.08910779654979706},"size":1.3687472343444825,"orthographic":false}